Workbook

Sheet 00_Metadata
A1: VCF-AFA CN v0.1 — Canonical Model Workbook
A2: Authority workbook for VCF-AFA product/component, feature, and functionality identity. KB files and assessments should reference this model, not redefine it.
A4: Field | B4: Value | C4: Notes | D4: Owner / Control
A5: Model_ID | B5: VCF-AFA-CN | C5: Stable identifier for the canonical model. | D5: VCF-AFA
A6: Model_Name | B6: VCF-AFA Canonical Model | C6: Customer-facing VCF product/component to analysis-functionality model. | D6: VCF-AFA
A7: Model_Version | B7: CN v0.1 | C7: Initial draft schema and starter product/component seed. | D7: VCF-AFA
A8: Schema_Version | B8: CN_SCHEMA_1.0 | C8: Workbook schema version. | D8: VCF-AFA
A9: Status | B9: Draft | C9: Use Review or Approved only after content governance. | D9: Model Owner
A10: Target_Product_Count | B10: 12 | C10: Planning target: approximately 12 VCF products/components. | D10: Model Owner
A11: Target_Feature_Count | B11: 80 | C11: Planning target: approximately 80 major features. | D11: Model Owner
A12: Target_Functionality_Count | B12: 240 | C12: Planning target: approximately 240 major functionalities. | D12: Model Owner
A13: Created_Date | B13: 46196 | C13: Initial workbook creation date. | D13: Model Owner
A14: Last_Updated | B14: 46196 | C14: Update on every material model change. | D14: Model Owner
A15: Approved_By | C15: Required only when Status = Approved. | D15: Governance
A16: Approved_Date | C16: Required only when Status = Approved. | D16: Governance
A17: Design_Principle | B17: Customer-facing assessment at Product/Feature; analysis scoring at Functionality_ID. | C17: Keeps workshops practical while preserving comparator granularity. | D17: Architecture
A18: Notes | B18: CN v0.1 contains schema, governed tabs, quality checks, and draft product/component seed rows. Feature and functionality population should be performed through controlled review. | C18: Do not use names as keys; use stable IDs. | D18: Architecture
A21: Governance warning: CN v0.1 is a draft model workbook. Product/component seed rows are not yet approved. Feature and functionality rows must be populated and reviewed before app production use.

Sheet 01_Products
A1: 01 — VCF Products / Components
A2: Customer-facing product/component layer. Target volume: about 12 rows. Product_ID is stable and must not be recycled after approval.
A4: Product_ID | B4: Product_Name | C4: Product_Type | D4: Product_Description | E4: Customer_Facing_Label | F4: Assessment_Included | G4: Sort_Order | H4: Status | I4: Notes
A5: PC-VCENTER | B5: vCenter Server | C5: Management | D5: Centralized virtualization management, inventory, permissions, clustering, and VM lifecycle control. | E5: vCenter | F5: Yes | G5: 10 | H5: Draft | I5: Starter row; validate naming and scope.
A6: PC-ESXI | B6: ESXi / vSphere Hypervisor | C6: Compute | D6: Compute virtualization foundation for hosts, clusters, VM execution, and resource scheduling. | E6: ESXi / vSphere | F6: Yes | G6: 20 | H6: Draft | I6: Starter row; validate product/component boundary.
A7: PC-VSAN | B7: vSAN | C7: Storage | D7: Hyperconverged storage services, policy-based storage, resiliency, and cluster storage operations. | E7: vSAN | F7: Yes | G7: 30 | H7: Draft | I7: Starter row.
A8: PC-NSX | B8: NSX | C8: Network / Security | D8: Network virtualization, overlay networking, routing, firewalling, and segmentation capabilities. | E8: NSX | F8: Yes | G8: 40 | H8: Draft | I8: Starter row.
A9: PC-SDDC-MGR | B9: SDDC Manager | C9: Lifecycle | D9: VCF domain management, lifecycle orchestration, bill-of-materials alignment, and workload domain operations. | E9: SDDC Manager | F9: Yes | G9: 50 | H9: Draft | I9: Starter row.
A10: PC-ARIA-OPS | B10: Aria Operations | C10: Operations | D10: Operations monitoring, capacity, performance, alerting, and operational analytics. | E10: Aria Operations | F10: Yes | G10: 60 | H10: Draft | I10: Starter row.
A11: PC-ARIA-LOGS | B11: Aria Operations for Logs | C11: Operations | D11: Log collection, search, analytics, troubleshooting, and operational log correlation. | E11: Aria Logs | F11: Yes | G11: 70 | H11: Draft | I11: Starter row.
A12: PC-ARIA-AUTO | B12: Aria Automation | C12: Automation | D12: Self-service automation, blueprinting, orchestration, and policy-driven provisioning. | E12: Aria Automation | F12: Yes | G12: 80 | H12: Draft | I12: Starter row.
A13: PC-HCX | B13: HCX | C13: Migration | D13: Workload mobility, migration orchestration, network extension, and migration planning capabilities. | E13: HCX | F13: Yes | G13: 90 | H13: Draft | I13: Starter row.
A14: PC-TANZU | B14: Tanzu / Kubernetes Services | C14: Kubernetes | D14: Kubernetes enablement, cluster lifecycle, and container platform integration where used with VCF. | E14: Tanzu | F14: Yes | G14: 100 | H14: Draft | I14: Starter row; may be optional depending on scope.
A15: PC-IAM | B15: Identity, Access, and Policy Controls | C15: Security / Governance | D15: Cross-component identity integration, RBAC, policy control, and administrative access governance. | E15: Identity / Access | F15: Yes | G15: 110 | H15: Draft | I15: Cross-component grouping; validate if this remains a component or reporting dimension.
A16: PC-DATA-PROTECTION | B16: Data Protection and Recovery Integration | C16: Resilience | D16: Backup, restore, recovery, and data protection integration touchpoints relevant to VCF migration feasibility. | E16: Data Protection | F16: Yes | G16: 120 | H16: Draft | I16: VCF-adjacent integration; validate inclusion in canonical scope.

Sheet 02_Features
A1: 02 — Major Features
A2: Major features under each VCF product/component. Target volume: about 80 rows. Customer assessment should normally occur at this level by default.
A4: Feature_ID | B4: Product_ID | C4: Feature_Name | D4: Feature_Description | E4: Customer_Assessment_Prompt | F4: Default_Assessment_Level | G4: Requires_Functionality_Detail | H4: Default_Criticality | I4: Sovereignty_Relevance | J4: Sort_Order | K4: Status | L4: Notes

Sheet 03_Functionalities
A1: 03 — Major Functionalities
A2: Governed analysis-level records. Target volume: about 240 rows. Functionality_ID is the scoring and parity control key.
A4: Functionality_ID | B4: Feature_ID | C4: Product_ID | D4: Functionality_Name | E4: Functionality_Description | F4: Includes | G4: Excludes | H4: Comparator_Evaluation_Question | I4: Primary_Analysis_Domain | J4: Capability_Group | K4: Default_Criticality | L4: Sovereignty_Relevance | M4: Evidence_Expectation | N4: AI_Seed_Search_Terms | O4: Assessment_Enabled | P4: Sort_Order | Q4: Status | R4: Notes

Sheet 04_Enums
A1: 04 — Controlled Enumerations
A2: Shared vocabulary authority for CN, VCF KB, Comparator KB, and assessment profile workbooks.
A4: Enum_Group | B4: Value | C4: Sort_Order | D4: Description
A5: Status | B5: Draft | C5: 10 | D5: Working item, not approved.
A6: Status | B6: Review | C6: 20 | D6: Ready for governance review.
A7: Status | B7: Approved | C7: 30 | D7: Approved for productive use.
A8: Status | B8: Deprecated | C8: 40 | D8: Retained for history; not used for new assessment.
A9: Yes_No | B9: Yes | C9: 10 | D9: Affirmative controlled value.
A10: Yes_No | B10: No | C10: 20 | D10: Negative controlled value.
A11: Default_Assessment_Level | B11: Feature | C11: 10 | D11: Default customer assessment occurs at feature level.
A12: Default_Assessment_Level | B12: Functionality | C12: 20 | D12: Requires functionality-level assessment detail.
A13: Criticality | B13: Low | C13: 10 | D13: Low default migration/advisory criticality.
A14: Criticality | B14: Medium | C14: 20 | D14: Medium default migration/advisory criticality.
A15: Criticality | B15: High | C15: 30 | D15: High default migration/advisory criticality.
A16: Criticality | B16: Critical | C16: 40 | D16: Critical default migration/advisory criticality.
... A53: Impact_Level | B53: High | C53: 30 | D53: High impact.

Sheet 05_Quality_Checks
A1: 05 — Quality Checks
A2: Formula-driven checks for model scale, ID uniqueness, orphan records, and required approved-row fields.
A4: Check_ID | B4: Check_Name | C4: Current_Value | D4: Target_Min | E4: Target_Max | F4: Status | G4: Notes
A5: QC-001 | B5: Product count | C5: =COUNTA('01_Products'!$A$5:$A$500) -> 12 | D5: 11 | E5: 12 | F5: =IF(AND(C5>=D5,C5<=E5),"OK","Review") -> OK | G5: Target planning volume is ~12.
A6: QC-002 | B6: Feature count | C6: =COUNTA('02_Features'!$A$5:$A$1000) -> 0 | D6: 70 | E6: 100 | F6: =IF(AND(C6>=D6,C6<=E6),"OK","Review") -> Review | G6: Target planning volume is ~80.
A7: QC-003 | B7: Functionality count | C7: =COUNTA('03_Functionalities'!$A$5:$A$2000) -> 0 | D7: 200 | E7: 300 | F7: =IF(AND(C7>=D7,C7<=E7),"OK","Review") -> Review | G7: Target planning volume is ~240.
A8: QC-004 | B8: Average features per product | C8: =IF(C5=0,0,C6/C5) -> 0 | D8: 5 | E8: 10 | F8: =IF(AND(C8>=D8,C8<=E8),"OK","Review") -> Review | G8: Target range: 5-10 major features per product/component.
A9: QC-005 | B9: Average functionalities per feature | C9: =IF(C6=0,0,C7/C6) -> 0 | D9: 1 | E9: 5 | F9: =IF(AND(C9>=D9,C9<=E9),"OK","Review") -> Review | G9: Target range: 1-5 major functionalities per feature.
A10: QC-006 | B10: Duplicate Product_ID rows | C10: =SUMPRODUCT(--('01_Products'!$A$5:$A$500<>""),--(COUNTIF('01_Products'!$A$5:$A$500,'01_Products'!$A$5:$A$500)>1)) -> 0 | D10: 0 | E10: 0 | F10: =IF(C10=0,"OK","Fix") -> OK | G10: Approved models should have no duplicate product IDs.
A11: QC-007 | B11: Duplicate Feature_ID rows | C11: =SUMPRODUCT(--('02_Features'!$A$5:$A$1000<>""),--(COUNTIF('02_Features'!$A$5:$A$1000,'02_Features'!$A$5:$A$1000)>1)) -> 0 | D11: 0 | E11: 0 | F11: =IF(C11=0,"OK","Fix") -> OK | G11: Approved models should have no duplicate feature IDs.
A12: QC-008 | B12: Duplicate Functionality_ID rows | C12: =SUMPRODUCT(--('03_Functionalities'!$A$5:$A$2000<>""),--(COUNTIF('03_Functionalities'!$A$5:$A$2000,'03_Functionalities'!$A$5:$A$2000)>1)) -> 0 | D12: 0 | E12: 0 | F12: =IF(C12=0,"OK","Fix") -> OK | G12: Approved models should have no duplicate functionality IDs.
A13: QC-009 | B13: Feature rows with orphan Product_ID | C13: =SUMPRODUCT(--('02_Features'!$A$5:$A$1000<>""),--(COUNTIF('01_Products'!$A$5:$A$500,'02_Features'!$B$5:$B$1000)=0)) -> 0 | D13: 0 | E13: 0 | F13: =IF(C13=0,"OK","Fix") -> OK | G13: Every feature must reference an existing Product_ID.
A14: QC-010 | B14: Functionality rows with orphan Feature_ID | C14: =SUMPRODUCT(--('03_Functionalities'!$A$5:$A$2000<>""),--(COUNTIF('02_Features'!$A$5:$A$1000,'03_Functionalities'!$B$5:$B$2000)=0)) -> 0 | D14: 0 | E14: 0 | F14: =IF(C14=0,"OK","Fix") -> OK | G14: Every functionality must reference an existing Feature_ID.
A15: QC-011 | B15: Functionality rows with orphan Product_ID | C15: =SUMPRODUCT(--('03_Functionalities'!$A$5:$A$2000<>""),--(COUNTIF('01_Products'!$A$5:$A$500,'03_Functionalities'!$C$5:$C$2000)=0)) -> 0 | D15: 0 | E15: 0 | F15: =IF(C15=0,"OK","Fix") -> OK | G15: Every functionality must reference an existing Product_ID.
A16: QC-012 | B16: Approved products missing description | C16: =COUNTIFS('01_Products'!$H$5:$H$500,"Approved",'01_Products'!$D$5:$D$500,"") -> 0 | D16: 0 | E16: 0 | F16: =IF(C16=0,"OK","Fix") -> OK | G16: Approved product rows require descriptions.
A17: QC-013 | B17: Approved features missing prompt | C17: =COUNTIFS('02_Features'!$K$5:$K$1000,"Approved",'02_Features'!$E$5:$E$1000,"") -> 0 | D17: 0 | E17: 0 | F17: =IF(C17=0,"OK","Fix") -> OK | G17: Approved features require workshop prompts.
A18: QC-014 | B18: Approved functionalities missing Includes | C18: =COUNTIFS('03_Functionalities'!$Q$5:$Q$2000,"Approved",'03_Functionalities'!$F$5:$F$2000,"") -> 0 | D18: 0 | E18: 0 | F18: =IF(C18=0,"OK","Fix") -> OK | G18: Approved functionalities require Includes.
A19: QC-015 | B19: Approved functionalities missing Excludes | C19: =COUNTIFS('03_Functionalities'!$Q$5:$Q$2000,"Approved",'03_Functionalities'!$G$5:$G$2000,"") -> 0 | D19: 0 | E19: 0 | F19: =IF(C19=0,"OK","Fix") -> OK | G19: Approved functionalities require Excludes.
A20: QC-016 | B20: Approved functionalities missing evidence expectation | C20: =COUNTIFS('03_Functionalities'!$Q$5:$Q$2000,"Approved",'03_Functionalities'!$M$5:$M$2000,"") -> 0 | D20: 0 | E20: 0 | F20: =IF(C20=0,"OK","Fix") -> OK | G20: Approved functionalities require evidence expectations.
A21: QC-017 | B21: Approved functionalities missing AI seed terms | C21: =COUNTIFS('03_Functionalities'!$Q$5:$Q$2000,"Approved",'03_Functionalities'!$N$5:$N$2000,"") -> 0 | D21: 0 | E21: 0 | F21: =IF(C21=0,"OK","Review") -> OK | G21: AI seeding quality improves when approved functionalities have search terms.

Sheet 06_Change_Log
A1: 06 — Change Log
A2: Governance history for product, feature, and functionality model changes. Do not delete historical entries.
A4: Change_ID | B4: Date | C4: Model_Version | D4: Changed_By | E4: Change_Type | F4: Affected_ID | G4: Change_Summary | H4: Rationale | I4: Impact | J4: Approval_Status
A5: CHG-0001 | B5: 46196 | C5: CN v0.1 | D5: OpenAI / Keith review | E5: Create | F5: VCF-AFA-CN | G5: Initial canonical model workbook created with schema, quality checks, enums, app load view, and draft product/component seed rows. | H5: Create governed CN workbook before KB and comparator workbook build-out. | I5: Establishes source identity model for VCF-AFA analysis. | J5: Draft

Sheet 99_App_Load_View
A1: 99 — App Load View
A2: Denormalized one-row-per-functionality view for application loading. Formula-driven from Products, Features, and Functionalities tabs.
A4: Product_ID | B4: Product_Name | C4: Product_Type | D4: Feature_ID | E4: Feature_Name | F4: Feature_Description | G4: Customer_Assessment_Prompt | H4: Functionality_ID | I4: Functionality_Name | J4: Functionality_Description | K4: Includes | L4: Excludes | M4: Comparator_Evaluation_Question | N4: Primary_Analysis_Domain | O4: Capability_Group | P4: Default_Criticality | Q4: Sovereignty_Relevance | R4: Evidence_Expectation | S4: AI_Seed_Search_Terms | T4: Assessment_Enabled | U4: Product_Sort_Order | V4: Feature_Sort_Order | W4: Functionality_Sort_Order | X4: Status
A5: =IF('03_Functionalities'!$A5="","",'03_Functionalities'!$C5) | B5: =IF($A5="","",IFERROR(XLOOKUP($A5,'01_Products'!$A$5:$A$500,'01_Products'!$B$5:$B$500),"")) | C5: =IF($A5="","",IFERROR(XLOOKUP($A5,'01_Products'!$A$5:$A$500,'01_Products'!$C$5:$C$500),"")) | D5: =IF('03_Functionalities'!$A5="","",'03_Functionalities'!$B5) | E5: =IF($D5="","",IFERROR(XLOOKUP($D5,'02_Features'!$A$5:$A$1000,'02_Features'!$C$5:$C$1000),"")) | F5: =IF($D5="","",IFERROR(XLOOKUP($D5,'02_Features'!$A$5:$A$1000,'02_Features'!$D$5:$D$1000),"")) | G5: =IF($D5="","",IFERROR(XLOOKUP($D5,'02_Features'!$A$5:$A$1000,'02_Features'!$E$5:$E$1000),"")) | H5: =IF('03_Functionalities'!$A5="","",'03_Functionalities'!$A5) | I5: =IF($H5="","",'03_Functionalities'!$D5) | J5: =IF($H5="","",'03_Functionalities'!$E5) | K5: =IF($H5="","",'03_Functionalities'!$F5) | L5: =IF($H5="","",'03_Functionalities'!$G5) | M5: =IF($H5="","",'03_Functionalities'!$H5) | N5: =IF($H5="","",'03_Functionalities'!$I5) | O5: =IF($H5="","",'03_Functionalities'!$J5) | P5: =IF($H5="","",'03_Functionalities'!$K5) | Q5: =IF($H5="","",'03_Functionalities'!$L5) | R5: =IF($H5="","",'03_Functionalities'!$M5) | S5: =IF($H5="","",'03_Functionalities'!$N5) | T5: =IF($H5="","",'03_Functionalities'!$O5) | U5: =IF($A5="","",IFERROR(XLOOKUP($A5,'01_Products'!$A$5:$A$500,'01_Products'!$G$5:$G$500),"")) | V5: =IF($D5="","",IFERROR(XLOOKUP($D5,'02_Features'!$A$5:$A$1000,'02_Features'!$J$5:$J$1000),"")) | W5: =IF($H5="","",'03_Functionalities'!$P5) | X5: =IF($H5="","",'03_Functionalities'!$Q5)
A6: =IF('03_Functionalities'!$A6="","",'03_Functionalities'!$C6) | B6: =IF($A6="","",IFERROR(XLOOKUP($A6,'01_Products'!$A$5:$A$500,'01_Products'!$B$5:$B$500),"")) | C6: =IF($A6="","",IFERROR(XLOOKUP($A6,'01_Products'!$A$5:$A$500,'01_Products'!$C$5:$C$500),"")) | D6: =IF('03_Functionalities'!$A6="","",'03_Functionalities'!$B6) | E6: =IF($D6="","",IFERROR(XLOOKUP($D6,'02_Features'!$A$5:$A$1000,'02_Features'!$C$5:$C$1000),"")) | F6: =IF($D6="","",IFERROR(XLOOKUP($D6,'02_Features'!$A$5:$A$1000,'02_Features'!$D$5:$D$1000),"")) | G6: =IF($D6="","",IFERROR(XLOOKUP($D6,'02_Features'!$A$5:$A$1000,'02_Features'!$E$5:$E$1000),"")) | H6: =IF('03_Functionalities'!$A6="","",'03_Functionalities'!$A6) | I6: =IF($H6="","",'03_Functionalities'!$D6) | J6: =IF($H6="","",'03_Functionalities'!$E6) | K6: =IF($H6="","",'03_Functionalities'!$F6) | L6: =IF($H6="","",'03_Functionalities'!$G6) | M6: =IF($H6="","",'03_Functionalities'!$H6) | N6: =IF($H6="","",'03_Functionalities'!$I6) | O6: =IF($H6="","",'03_Functionalities'!$J6) | P6: =IF($H6="","",'03_Functionalities'!$K6) | Q6: =IF($H6="","",'03_Functionalities'!$L6) | R6: =IF($H6="","",'03_Functionalities'!$M6) | S6: =IF($H6="","",'03_Functionalities'!$N6) | T6: =IF($H6="","",'03_Functionalities'!$O6) | U6: =IF($A6="","",IFERROR(XLOOKUP($A6,'01_Products'!$A$5:$A$500,'01_Products'!$G$5:$G$500),"")) | V6: =IF($D6="","",IFERROR(XLOOKUP($D6,'02_Features'!$A$5:$A$1000,'02_Features'!$J$5:$J$1000),"")) | W6: =IF($H6="","",'03_Functionalities'!$P6) | X6: =IF($H6="","",'03_Functionalities'!$Q6)
A7: =IF('03_Functionalities'!$A7="","",'03_Functionalities'!$C7) | B7: =IF($A7="","",IFERROR(XLOOKUP($A7,'01_Products'!$A$5:$A$500,'01_Products'!$B$5:$B$500),"")) | C7: =IF($A7="","",IFERROR(XLOOKUP($A7,'01_Products'!$A$5:$A$500,'01_Products'!$C$5:$C$500),"")) | D7: =IF('03_Functionalities'!$A7="","",'03_Functionalities'!$B7) | E7: =IF($D7="","",IFERROR(XLOOKUP($D7,'02_Features'!$A$5:$A$1000,'02_Features'!$C$5:$C$1000),"")) | F7: =IF($D7="","",IFERROR(XLOOKUP($D7,'02_Features'!$A$5:$A$1000,'02_Features'!$D$5:$D$1000),"")) | G7: =IF($D7="","",IFERROR(XLOOKUP($D7,'02_Features'!$A$5:$A$1000,'02_Features'!$E$5:$E$1000),"")) | H7: =IF('03_Functionalities'!$A7="","",'03_Functionalities'!$A7) | I7: =IF($H7="","",'03_Functionalities'!$D7) | J7: =IF($H7="","",'03_Functionalities'!$E7) | K7: =IF($H7="","",'03_Functionalities'!$F7) | L7: =IF($H7="","",'03_Functionalities'!$G7) | M7: =IF($H7="","",'03_Functionalities'!$H7) | N7: =IF($H7="","",'03_Functionalities'!$I7) | O7: =IF($H7="","",'03_Functionalities'!$J7) | P7: =IF($H7="","",'03_Functionalities'!$K7) | Q7: =IF($H7="","",'03_Functionalities'!$L7) | R7: =IF($H7="","",'03_Functionalities'!$M7) | S7: =IF($H7="","",'03_Functionalities'!$N7) | T7: =IF($H7="","",'03_Functionalities'!$O7) | U7: =IF($A7="","",IFERROR(XLOOKUP($A7,'01_Products'!$A$5:$A$500,'01_Products'!$G$5:$G$500),"")) | V7: =IF($D7="","",IFERROR(XLOOKUP($D7,'02_Features'!$A$5:$A$1000,'02_Features'!$J$5:$J$1000),"")) | W7: =IF($H7="","",'03_Functionalities'!$P7) | X7: =IF($H7="","",'03_Functionalities'!$Q7)
A8: =IF('03_Functionalities'!$A8="","",'03_Functionalities'!$C8) | B8: =IF($A8="","",IFERROR(XLOOKUP($A8,'01_Products'!$A$5:$A$500,'01_Products'!$B$5:$B$500),"")) | C8: =IF($A8="","",IFERROR(XLOOKUP($A8,'01_Products'!$A$5:$A$500,'01_Products'!$C$5:$C$500),"")) | D8: =IF('03_Functionalities'!$A8="","",'03_Functionalities'!$B8) | E8: =IF($D8="","",IFERROR(XLOOKUP($D8,'02_Features'!$A$5:$A$1000,'02_Features'!$C$5:$C$1000),"")) | F8: =IF($D8="","",IFERROR(XLOOKUP($D8,'02_Features'!$A$5:$A$1000,'02_Features'!$D$5:$D$1000),"")) | G8: =IF($D8="","",IFERROR(XLOOKUP($D8,'02_Features'!$A$5:$A$1000,'02_Features'!$E$5:$E$1000),"")) | H8: =IF('03_Functionalities'!$A8="","",'03_Functionalities'!$A8) | I8: =IF($H8="","",'03_Functionalities'!$D8) | J8: =IF($H8="","",'03_Functionalities'!$E8) | K8: =IF($H8="","",'03_Functionalities'!$F8) | L8: =IF($H8="","",'03_Functionalities'!$G8) | M8: =IF($H8="","",'03_Functionalities'!$H8) | N8: =IF($H8="","",'03_Functionalities'!$I8) | O8: =IF($H8="","",'03_Functionalities'!$J8) | P8: =IF($H8="","",'03_Functionalities'!$K8) | Q8: =IF($H8="","",'03_Functionalities'!$L8) | R8: =IF($H8="","",'03_Functionalities'!$M8) | S8: =IF($H8="","",'03_Functionalities'!$N8) | T8: =IF($H8="","",'03_Functionalities'!$O8) | U8: =IF($A8="","",IFERROR(XLOOKUP($A8,'01_Products'!$A$5:$A$500,'01_Products'!$G$5:$G$500),"")) | V8: =IF($D8="","",IFERROR(XLOOKUP($D8,'02_Features'!$A$5:$A$1000,'02_Features'!$J$5:$J$1000),"")) | W8: =IF($H8="","",'03_Functionalities'!$P8) | X8: =IF($H8="","",'03_Functionalities'!$Q8)
A9: =IF('03_Functionalities'!$A9="","",'03_Functionalities'!$C9) | B9: =IF($A9="","",IFERROR(XLOOKUP($A9,'01_Products'!$A$5:$A$500,'01_Products'!$B$5:$B$500),"")) | C9: =IF($A9="","",IFERROR(XLOOKUP($A9,'01_Products'!$A$5:$A$500,'01_Products'!$C$5:$C$500),"")) | D9: =IF('03_Functionalities'!$A9="","",'03_Functionalities'!$B9) | E9: =IF($D9="","",IFERROR(XLOOKUP($D9,'02_Features'!$A$5:$A$1000,'02_Features'!$C$5:$C$1000),"")) | F9: =IF($D9="","",IFERROR(XLOOKUP($D9,'02_Features'!$A$5:$A$1000,'02_Features'!$D$5:$D$1000),"")) | G9: =IF($D9="","",IFERROR(XLOOKUP($D9,'02_Features'!$A$5:$A$1000,'02_Features'!$E$5:$E$1000),"")) | H9: =IF('03_Functionalities'!$A9="","",'03_Functionalities'!$A9) | I9: =IF($H9="","",'03_Functionalities'!$D9) | J9: =IF($H9="","",'03_Functionalities'!$E9) | K9: =IF($H9="","",'03_Functionalities'!$F9) | L9: =IF($H9="","",'03_Functionalities'!$G9) | M9: =IF($H9="","",'03_Functionalities'!$H9) | N9: =IF($H9="","",'03_Functionalities'!$I9) | O9: =IF($H9="","",'03_Functionalities'!$J9) | P9: =IF($H9="","",'03_Functionalities'!$K9) | Q9: =IF($H9="","",'03_Functionalities'!$L9) | R9: =IF($H9="","",'03_Functionalities'!$M9) | S9: =IF($H9="","",'03_Functionalities'!$N9) | T9: =IF($H9="","",'03_Functionalities'!$O9) | U9: =IF($A9="","",IFERROR(XLOOKUP($A9,'01_Products'!$A$5:$A$500,'01_Products'!$G$5:$G$500),"")) | V9: =IF($D9="","",IFERROR(XLOOKUP($D9,'02_Features'!$A$5:$A$1000,'02_Features'!$J$5:$J$1000),"")) | W9: =IF($H9="","",'03_Functionalities'!$P9) | X9: =IF($H9="","",'03_Functionalities'!$Q9)
A10: =IF('03_Functionalities'!$A10="","",'03_Functionalities'!$C10) | B10: =IF($A10="","",IFERROR(XLOOKUP($A10,'01_Products'!$A$5:$A$500,'01_Products'!$B$5:$B$500),"")) | C10: =IF($A10="","",IFERROR(XLOOKUP($A10,'01_Products'!$A$5:$A$500,'01_Products'!$C$5:$C$500),"")) | D10: =IF('03_Functionalities'!$A10="","",'03_Functionalities'!$B10) | E10: =IF($D10="","",IFERROR(XLOOKUP($D10,'02_Features'!$A$5:$A$1000,'02_Features'!$C$5:$C$1000),"")) | F10: =IF($D10="","",IFERROR(XLOOKUP($D10,'02_Features'!$A$5:$A$1000,'02_Features'!$D$5:$D$1000),"")) | G10: =IF($D10="","",IFERROR(XLOOKUP($D10,'02_Features'!$A$5:$A$1000,'02_Features'!$E$5:$E$1000),"")) | H10: =IF('03_Functionalities'!$A10="","",'03_Functionalities'!$A10) | I10: =IF($H10="","",'03_Functionalities'!$D10) | J10: =IF($H10="","",'03_Functionalities'!$E10) | K10: =IF($H10="","",'03_Functionalities'!$F10) | L10: =IF($H10="","",'03_Functionalities'!$G10) | M10: =IF($H10="","",'03_Functionalities'!$H10) | N10: =IF($H10="","",'03_Functionalities'!$I10) | O10: =IF($H10="","",'03_Functionalities'!$J10) | P10: =IF($H10="","",'03_Functionalities'!$K10) | Q10: =IF($H10="","",'03_Functionalities'!$L10) | R10: =IF($H10="","",'03_Functionalities'!$M10) | S10: =IF($H10="","",'03_Functionalities'!$N10) | T10: =IF($H10="","",'03_Functionalities'!$O10) | U10: =IF($A10="","",IFERROR(XLOOKUP($A10,'01_Products'!$A$5:$A$500,'01_Products'!$G$5:$G$500),"")) | V10: =IF($D10="","",IFERROR(XLOOKUP($D10,'02_Features'!$A$5:$A$1000,'02_Features'!$J$5:$J$1000),"")) | W10: =IF($H10="","",'03_Functionalities'!$P10) | X10: =IF($H10="","",'03_Functionalities'!$Q10)
A11: =IF('03_Functionalities'!$A11="","",'03_Functionalities'!$C11) | B11: =IF($A11="","",IFERROR(XLOOKUP($A11,'01_Products'!$A$5:$A$500,'01_Products'!$B$5:$B$500),"")) | C11: =IF($A11="","",IFERROR(XLOOKUP($A11,'01_Products'!$A$5:$A$500,'01_Products'!$C$5:$C$500),"")) | D11: =IF('03_Functionalities'!$A11="","",'03_Functionalities'!$B11) | E11: =IF($D11="","",IFERROR(XLOOKUP($D11,'02_Features'!$A$5:$A$1000,'02_Features'!$C$5:$C$1000),"")) | F11: =IF($D11="","",IFERROR(XLOOKUP($D11,'02_Features'!$A$5:$A$1000,'02_Features'!$D$5:$D$1000),"")) | G11: =IF($D11="","",IFERROR(XLOOKUP($D11,'02_Features'!$A$5:$A$1000,'02_Features'!$E$5:$E$1000),"")) | H11: =IF('03_Functionalities'!$A11="","",'03_Functionalities'!$A11) | I11: =IF($H11="","",'03_Functionalities'!$D11) | J11: =IF($H11="","",'03_Functionalities'!$E11) | K11: =IF($H11="","",'03_Functionalities'!$F11) | L11: =IF($H11="","",'03_Functionalities'!$G11) | M11: =IF($H11="","",'03_Functionalities'!$H11) | N11: =IF($H11="","",'03_Functionalities'!$I11) | O11: =IF($H11="","",'03_Functionalities'!$J11) | P11: =IF($H11="","",'03_Functionalities'!$K11) | Q11: =IF($H11="","",'03_Functionalities'!$L11) | R11: =IF($H11="","",'03_Functionalities'!$M11) | S11: =IF($H11="","",'03_Functionalities'!$N11) | T11: =IF($H11="","",'03_Functionalities'!$O11) | U11: =IF($A11="","",IFERROR(XLOOKUP($A11,'01_Products'!$A$5:$A$500,'01_Products'!$G$5:$G$500),"")) | V11: =IF($D11="","",IFERROR(XLOOKUP($D11,'02_Features'!$A$5:$A$1000,'02_Features'!$J$5:$J$1000),"")) | W11: =IF($H11="","",'03_Functionalities'!$P11) | X11: =IF($H11="","",'03_Functionalities'!$Q11)
A12: =IF('03_Functionalities'!$A12="","",'03_Functionalities'!$C12) | B12: =IF($A12="","",IFERROR(XLOOKUP($A12,'01_Products'!$A$5:$A$500,'01_Products'!$B$5:$B$500),"")) | C12: =IF($A12="","",IFERROR(XLOOKUP($A12,'01_Products'!$A$5:$A$500,'01_Products'!$C$5:$C$500),"")) | D12: =IF('03_Functionalities'!$A12="","",'03_Functionalities'!$B12) | E12: =IF($D12="","",IFERROR(XLOOKUP($D12,'02_Features'!$A$5:$A$1000,'02_Features'!$C$5:$C$1000),"")) | F12: =IF($D12="","",IFERROR(XLOOKUP($D12,'02_Features'!$A$5:$A$1000,'02_Features'!$D$5:$D$1000),"")) | G12: =IF($D12="","",IFERROR(XLOOKUP($D12,'02_Features'!$A$5:$A$1000,'02_Features'!$E$5:$E$1000),"")) | H12: =IF('03_Functionalities'!$A12="","",'03_Functionalities'!$A12) | I12: =IF($H12="","",'03_Functionalities'!$D12) | J12: =IF($H12="","",'03_Functionalities'!$E12) | K12: =IF($H12="","",'03_Functionalities'!$F12) | L12: =IF($H12="","",'03_Functionalities'!$G12) | M12: =IF($H12="","",'03_Functionalities'!$H12) | N12: =IF($H12="","",'03_Functionalities'!$I12) | O12: =IF($H12="","",'03_Functionalities'!$J12) | P12: =IF($H12="","",'03_Functionalities'!$K12) | Q12: =IF($H12="","",'03_Functionalities'!$L12) | R12: =IF($H12="","",'03_Functionalities'!$M12) | S12: =IF($H12="","",'03_Functionalities'!$N12) | T12: =IF($H12="","",'03_Functionalities'!$O12) | U12: =IF($A12="","",IFERROR(XLOOKUP($A12,'01_Products'!$A$5:$A$500,'01_Products'!$G$5:$G$500),"")) | V12: =IF($D12="","",IFERROR(XLOOKUP($D12,'02_Features'!$A$5:$A$1000,'02_Features'!$J$5:$J$1000),"")) | W12: =IF($H12="","",'03_Functionalities'!$P12) | X12: =IF($H12="","",'03_Functionalities'!$Q12)
A13: =IF('03_Functionalities'!$A13="","",'03_Functionalities'!$C13) | B13: =IF($A13="","",IFERROR(XLOOKUP($A13,'01_Products'!$A$5:$A$500,'01_Products'!$B$5:$B$500),"")) | C13: =IF($A13="","",IFERROR(XLOOKUP($A13,'01_Products'!$A$5:$A$500,'01_Products'!$C$5:$C$500),"")) | D13: =IF('03_Functionalities'!$A13="","",'03_Functionalities'!$B13) | E13: =IF($D13="","",IFERROR(XLOOKUP($D13,'02_Features'!$A$5:$A$1000,'02_Features'!$C$5:$C$1000),"")) | F13: =IF($D13="","",IFERROR(XLOOKUP($D13,'02_Features'!$A$5:$A$1000,'02_Features'!$D$5:$D$1000),"")) | G13: =IF($D13="","",IFERROR(XLOOKUP($D13,'02_Features'!$A$5:$A$1000,'02_Features'!$E$5:$E$1000),"")) | H13: =IF('03_Functionalities'!$A13="","",'03_Functionalities'!$A13) | I13: =IF($H13="","",'03_Functionalities'!$D13) | J13: =IF($H13="","",'03_Functionalities'!$E13) | K13: =IF($H13="","",'03_Functionalities'!$F13) | L13: =IF($H13="","",'03_Functionalities'!$G13) | M13: =IF($H13="","",'03_Functionalities'!$H13) | N13: =IF($H13="","",'03_Functionalities'!$I13) | O13: =IF($H13="","",'03_Functionalities'!$J13) | P13: =IF($H13="","",'03_Functionalities'!$K13) | Q13: =IF($H13="","",'03_Functionalities'!$L13) | R13: =IF($H13="","",'03_Functionalities'!$M13) | S13: =IF($H13="","",'03_Functionalities'!$N13) | T13: =IF($H13="","",'03_Functionalities'!$O13) | U13: =IF($A13="","",IFERROR(XLOOKUP($A13,'01_Products'!$A$5:$A$500,'01_Products'!$G$5:$G$500),"")) | V13: =IF($D13="","",IFERROR(XLOOKUP($D13,'02_Features'!$A$5:$A$1000,'02_Features'!$J$5:$J$1000),"")) | W13: =IF($H13="","",'03_Functionalities'!$P13) | X13: =IF($H13="","",'03_Functionalities'!$Q13)
A14: =IF('03_Functionalities'!$A14="","",'03_Functionalities'!$C14) | B14: =IF($A14="","",IFERROR(XLOOKUP($A14,'01_Products'!$A$5:$A$500,'01_Products'!$B$5:$B$500),"")) | C14: =IF($A14="","",IFERROR(XLOOKUP($A14,'01_Products'!$A$5:$A$500,'01_Products'!$C$5:$C$500),"")) | D14: =IF('03_Functionalities'!$A14="","",'03_Functionalities'!$B14) | E14: =IF($D14="","",IFERROR(XLOOKUP($D14,'02_Features'!$A$5:$A$1000,'02_Features'!$C$5:$C$1000),"")) | F14: =IF($D14="","",IFERROR(XLOOKUP($D14,'02_Features'!$A$5:$A$1000,'02_Features'!$D$5:$D$1000),"")) | G14: =IF($D14="","",IFERROR(XLOOKUP($D14,'02_Features'!$A$5:$A$1000,'02_Features'!$E$5:$E$1000),"")) | H14: =IF('03_Functionalities'!$A14="","",'03_Functionalities'!$A14) | I14: =IF($H14="","",'03_Functionalities'!$D14) | J14: =IF($H14="","",'03_Functionalities'!$E14) | K14: =IF($H14="","",'03_Functionalities'!$F14) | L14: =IF($H14="","",'03_Functionalities'!$G14) | M14: =IF($H14="","",'03_Functionalities'!$H14) | N14: =IF($H14="","",'03_Functionalities'!$I14) | O14: =IF($H14="","",'03_Functionalities'!$J14) | P14: =IF($H14="","",'03_Functionalities'!$K14) | Q14: =IF($H14="","",'03_Functionalities'!$L14) | R14: =IF($H14="","",'03_Functionalities'!$M14) | S14: =IF($H14="","",'03_Functionalities'!$N14) | T14: =IF($H14="","",'03_Functionalities'!$O14) | U14: =IF($A14="","",IFERROR(XLOOKUP($A14,'01_Products'!$A$5:$A$500,'01_Products'!$G$5:$G$500),"")) | V14: =IF($D14="","",IFERROR(XLOOKUP($D14,'02_Features'!$A$5:$A$1000,'02_Features'!$J$5:$J$1000),"")) | W14: =IF($H14="","",'03_Functionalities'!$P14) | X14: =IF($H14="","",'03_Functionalities'!$Q14)
A15: =IF('03_Functionalities'!$A15="","",'03_Functionalities'!$C15) | B15: =IF($A15="","",IFERROR(XLOOKUP($A15,'01_Products'!$A$5:$A$500,'01_Products'!$B$5:$B$500),"")) | C15: =IF($A15="","",IFERROR(XLOOKUP($A15,'01_Products'!$A$5:$A$500,'01_Products'!$C$5:$C$500),"")) | D15: =IF('03_Functionalities'!$A15="","",'03_Functionalities'!$B15) | E15: =IF($D15="","",IFERROR(XLOOKUP($D15,'02_Features'!$A$5:$A$1000,'02_Features'!$C$5:$C$1000),"")) | F15: =IF($D15="","",IFERROR(XLOOKUP($D15,'02_Features'!$A$5:$A$1000,'02_Features'!$D$5:$D$1000),"")) | G15: =IF($D15="","",IFERROR(XLOOKUP($D15,'02_Features'!$A$5:$A$1000,'02_Features'!$E$5:$E$1000),"")) | H15: =IF('03_Functionalities'!$A15="","",'03_Functionalities'!$A15) | I15: =IF($H15="","",'03_Functionalities'!$D15) | J15: =IF($H15="","",'03_Functionalities'!$E15) | K15: =IF($H15="","",'03_Functionalities'!$F15) | L15: =IF($H15="","",'03_Functionalities'!$G15) | M15: =IF($H15="","",'03_Functionalities'!$H15) | N15: =IF($H15="","",'03_Functionalities'!$I15) | O15: =IF($H15="","",'03_Functionalities'!$J15) | P15: =IF($H15="","",'03_Functionalities'!$K15) | Q15: =IF($H15="","",'03_Functionalities'!$L15) | R15: =IF($H15="","",'03_Functionalities'!$M15) | S15: =IF($H15="","",'03_Functionalities'!$N15) | T15: =IF($H15="","",'03_Functionalities'!$O15) | U15: =IF($A15="","",IFERROR(XLOOKUP($A15,'01_Products'!$A$5:$A$500,'01_Products'!$G$5:$G$500),"")) | V15: =IF($D15="","",IFERROR(XLOOKUP($D15,'02_Features'!$A$5:$A$1000,'02_Features'!$J$5:$J$1000),"")) | W15: =IF($H15="","",'03_Functionalities'!$P15) | X15: =IF($H15="","",'03_Functionalities'!$Q15)
A16: =IF('03_Functionalities'!$A16="","",'03_Functionalities'!$C16) | B16: =IF($A16="","",IFERROR(XLOOKUP($A16,'01_Products'!$A$5:$A$500,'01_Products'!$B$5:$B$500),"")) | C16: =IF($A16="","",IFERROR(XLOOKUP($A16,'01_Products'!$A$5:$A$500,'01_Products'!$C$5:$C$500),"")) | D16: =IF('03_Functionalities'!$A16="","",'03_Functionalities'!$B16) | E16: =IF($D16="","",IFERROR(XLOOKUP($D16,'02_Features'!$A$5:$A$1000,'02_Features'!$C$5:$C$1000),"")) | F16: =IF($D16="","",IFERROR(XLOOKUP($D16,'02_Features'!$A$5:$A$1000,'02_Features'!$D$5:$D$1000),"")) | G16: =IF($D16="","",IFERROR(XLOOKUP($D16,'02_Features'!$A$5:$A$1000,'02_Features'!$E$5:$E$1000),"")) | H16: =IF('03_Functionalities'!$A16="","",'03_Functionalities'!$A16) | I16: =IF($H16="","",'03_Functionalities'!$D16) | J16: =IF($H16="","",'03_Functionalities'!$E16) | K16: =IF($H16="","",'03_Functionalities'!$F16) | L16: =IF($H16="","",'03_Functionalities'!$G16) | M16: =IF($H16="","",'03_Functionalities'!$H16) | N16: =IF($H16="","",'03_Functionalities'!$I16) | O16: =IF($H16="","",'03_Functionalities'!$J16) | P16: =IF($H16="","",'03_Functionalities'!$K16) | Q16: =IF($H16="","",'03_Functionalities'!$L16) | R16: =IF($H16="","",'03_Functionalities'!$M16) | S16: =IF($H16="","",'03_Functionalities'!$N16) | T16: =IF($H16="","",'03_Functionalities'!$O16) | U16: =IF($A16="","",IFERROR(XLOOKUP($A16,'01_Products'!$A$5:$A$500,'01_Products'!$G$5:$G$500),"")) | V16: =IF($D16="","",IFERROR(XLOOKUP($D16,'02_Features'!$A$5:$A$1000,'02_Features'!$J$5:$J$1000),"")) | W16: =IF($H16="","",'03_Functionalities'!$P16) | X16: =IF($H16="","",'03_Functionalities'!$Q16)
... A304: =IF('03_Functionalities'!$A304="","",'03_Functionalities'!$C304) | B304: =IF($A304="","",IFERROR(XLOOKUP($A304,'01_Products'!$A$5:$A$500,'01_Products'!$B$5:$B$500),"")) | C304: =IF($A304="","",IFERROR(XLOOKUP($A304,'01_Products'!$A$5:$A$500,'01_Products'!$C$5:$C$500),"")) | D304: =IF('03_Functionalities'!$A304="","",'03_Functionalities'!$B304) | E304: =IF($D304="","",IFERROR(XLOOKUP($D304,'02_Features'!$A$5:$A$1000,'02_Features'!$C$5:$C$1000),"")) | F304: =IF($D304="","",IFERROR(XLOOKUP($D304,'02_Features'!$A$5:$A$1000,'02_Features'!$D$5:$D$1000),"")) | G304: =IF($D304="","",IFERROR(XLOOKUP($D304,'02_Features'!$A$5:$A$1000,'02_Features'!$E$5:$E$1000),"")) | H304: =IF('03_Functionalities'!$A304="","",'03_Functionalities'!$A304) | I304: =IF($H304="","",'03_Functionalities'!$D304) | J304: =IF($H304="","",'03_Functionalities'!$E304) | K304: =IF($H304="","",'03_Functionalities'!$F304) | L304: =IF($H304="","",'03_Functionalities'!$G304) | M304: =IF($H304="","",'03_Functionalities'!$H304) | N304: =IF($H304="","",'03_Functionalities'!$I304) | O304: =IF($H304="","",'03_Functionalities'!$J304) | P304: =IF($H304="","",'03_Functionalities'!$K304) | Q304: =IF($H304="","",'03_Functionalities'!$L304) | R304: =IF($H304="","",'03_Functionalities'!$M304) | S304: =IF($H304="","",'03_Functionalities'!$N304) | T304: =IF($H304="","",'03_Functionalities'!$O304) | U304: =IF($A304="","",IFERROR(XLOOKUP($A304,'01_Products'!$A$5:$A$500,'01_Products'!$G$5:$G$500),"")) | V304: =IF($D304="","",IFERROR(XLOOKUP($D304,'02_Features'!$A$5:$A$1000,'02_Features'!$J$5:$J$1000),"")) | W304: =IF($H304="","",'03_Functionalities'!$P304) | X304: =IF($H304="","",'03_Functionalities'!$Q304)
